id,firstname,lastname,email,profession
100,Raina,Weaks,Raina.Weaks@yopmail.com,police officer
101,Arlina,Gwenore,Arlina.Gwenore@yopmail.com,firefighter
102,Tani,Richers,Tani.Richers@yopmail.com,worker
103,Jaclyn,Gibbeon,Jaclyn.Gibbeon@yopmail.com,police officer
104,Dorothy,Ardra,Dorothy.Ardra@yopmail.com,developer
105,Libbie,Linskey,Libbie.Linskey@yopmail.com,developer
106,Ilse,Tryck,Ilse.Tryck@yopmail.com,worker
107,Delilah,Timon,Delilah.Timon@yopmail.com,doctor
108,Maridel,Lutero,Maridel.Lutero@yopmail.com,police officer
109,Asia,Stephie,Asia.Stephie@yopmail.com,developer
110,Dale,Trinetta,Dale.Trinetta@yopmail.com,worker
111,Nessie,Francene,Nessie.Francene@yopmail.com,firefighter
112,Teriann,Friede,Teriann.Friede@yopmail.com,doctor
113,Mallory,Egbert,Mallory.Egbert@yopmail.com,firefighter
114,Gertrud,Bibi,Gertrud.Bibi@yopmail.com,developer
115,Lita,Jorgan,Lita.Jorgan@yopmail.com,doctor
116,Brianna,Mallon,Brianna.Mallon@yopmail.com,firefighter
117,Caritta,Grobe,Caritta.Grobe@yopmail.com,firefighter
118,Karena,Manolo,Karena.Manolo@yopmail.com,worker
119,Kristina,Matthew,Kristina.Matthew@yopmail.com,firefighter
120,Dorothy,Fosque,Dorothy.Fosque@yopmail.com,doctor
121,Ericka,Ferino,Ericka.Ferino@yopmail.com,police officer
122,Karlee,Louanna,Karlee.Louanna@yopmail.com,police officer
123,Edith,Aldric,Edith.Aldric@yopmail.com,police officer
124,Deedee,Eben,Deedee.Eben@yopmail.com,police officer
125,Britte,Tufts,Britte.Tufts@yopmail.com,worker
126,Nannie,Anastatius,Nannie.Anastatius@yopmail.com,firefighter
127,Pierette,Sancho,Pierette.Sancho@yopmail.com,firefighter
128,Myriam,Bari,Myriam.Bari@yopmail.com,firefighter
129,Ricky,Sawtelle,Ricky.Sawtelle@yopmail.com,worker
130,Nataline,Rona,Nataline.Rona@yopmail.com,police officer
131,Frieda,Douglass,Frieda.Douglass@yopmail.com,firefighter
132,Shaylyn,Yoko,Shaylyn.Yoko@yopmail.com,police officer
133,Josephine,Allina,Josephine.Allina@yopmail.com,developer
134,Gabi,Sekofski,Gabi.Sekofski@yopmail.com,police officer
135,Fanny,Zenas,Fanny.Zenas@yopmail.com,firefighter
136,Marnia,Felecia,Marnia.Felecia@yopmail.com,worker
137,Ira,Brunell,Ira.Brunell@yopmail.com,worker
138,Annora,Hanleigh,Annora.Hanleigh@yopmail.com,worker
139,Julieta,Ardeha,Julieta.Ardeha@yopmail.com,police officer
140,Sidoney,Shama,Sidoney.Shama@yopmail.com,firefighter
141,Nessie,Ochs,Nessie.Ochs@yopmail.com,worker
142,Thalia,Solitta,Thalia.Solitta@yopmail.com,worker
143,Paola,Bates,Paola.Bates@yopmail.com,doctor
144,Felice,Willie,Felice.Willie@yopmail.com,police officer
145,Cathie,Sprage,Cathie.Sprage@yopmail.com,firefighter
146,Nerta,Cavan,Nerta.Cavan@yopmail.com,firefighter
147,Marcy,Crudden,Marcy.Crudden@yopmail.com,firefighter
148,Delilah,Peonir,Delilah.Peonir@yopmail.com,worker
149,Viviene,Avi,Viviene.Avi@yopmail.com,firefighter
150,Yolane,Grayce,Yolane.Grayce@yopmail.com,doctor
151,Rosene,Even,Rosene.Even@yopmail.com,firefighter
152,Vonny,Avi,Vonny.Avi@yopmail.com,worker
153,Gavrielle,Belanger,Gavrielle.Belanger@yopmail.com,developer
154,Mellicent,Kolnick,Mellicent.Kolnick@yopmail.com,police officer
155,Janis,Bryna,Janis.Bryna@yopmail.com,developer
156,Deirdre,Gilbertson,Deirdre.Gilbertson@yopmail.com,doctor
157,Ofilia,Dowski,Ofilia.Dowski@yopmail.com,developer
158,Kaja,Gamaliel,Kaja.Gamaliel@yopmail.com,worker
159,Dorthy,Alice,Dorthy.Alice@yopmail.com,police officer
160,Roberta,Kathie,Roberta.Kathie@yopmail.com,firefighter
161,Darci,Tound,Darci.Tound@yopmail.com,firefighter
162,Babita,Rodmann,Babita.Rodmann@yopmail.com,doctor
163,Tina,Barney,Tina.Barney@yopmail.com,police officer
164,Stevana,Paton,Stevana.Paton@yopmail.com,firefighter
165,Fawne,Gaspard,Fawne.Gaspard@yopmail.com,firefighter
166,Beatriz,Reidar,Beatriz.Reidar@yopmail.com,police officer
167,Doro,Gualtiero,Doro.Gualtiero@yopmail.com,firefighter
168,Daphne,Linskey,Daphne.Linskey@yopmail.com,developer
169,Mary,Rebecka,Mary.Rebecka@yopmail.com,doctor
170,Angelique,Schenck,Angelique.Schenck@yopmail.com,firefighter
171,Nickie,Merat,Nickie.Merat@yopmail.com,developer
172,Henriette,Therine,Henriette.Therine@yopmail.com,firefighter
173,Carmela,Bennie,Carmela.Bennie@yopmail.com,doctor
174,Leanna,Erskine,Leanna.Erskine@yopmail.com,worker
175,Kellen,Chrystel,Kellen.Chrystel@yopmail.com,firefighter
176,Clementine,Mata,Clementine.Mata@yopmail.com,doctor
177,Mariele,Creamer,Mariele.Creamer@yopmail.com,police officer
178,Ernesta,Anastatius,Ernesta.Anastatius@yopmail.com,doctor
179,Lisette,Travax,Lisette.Travax@yopmail.com,developer
180,Annabela,Amethist,Annabela.Amethist@yopmail.com,police officer
181,Ardys,Hubert,Ardys.Hubert@yopmail.com,firefighter
182,Frank,Kirstin,Frank.Kirstin@yopmail.com,firefighter
183,Lynea,Eno,Lynea.Eno@yopmail.com,worker
184,Rochette,Carmena,Rochette.Carmena@yopmail.com,firefighter
185,Vanessa,Terencio,Vanessa.Terencio@yopmail.com,police officer
186,Jenilee,Gamaliel,Jenilee.Gamaliel@yopmail.com,doctor
187,Shaine,Silvan,Shaine.Silvan@yopmail.com,police officer
188,Daune,Beniamino,Daune.Beniamino@yopmail.com,doctor
189,Laurene,Bashemeth,Laurene.Bashemeth@yopmail.com,doctor
190,Meghann,Stoller,Meghann.Stoller@yopmail.com,developer
191,Lelah,Erlandson,Lelah.Erlandson@yopmail.com,police officer
192,Dacia,Rosalba,Dacia.Rosalba@yopmail.com,firefighter
193,Pollyanna,Kare,Pollyanna.Kare@yopmail.com,firefighter
194,Fernande,Millda,Fernande.Millda@yopmail.com,doctor
195,Hildegaard,Rheingold,Hildegaard.Rheingold@yopmail.com,firefighter
196,Di,Giule,Di.Giule@yopmail.com,firefighter
197,Myrtice,Orpah,Myrtice.Orpah@yopmail.com,developer
198,Nerta,Candy,Nerta.Candy@yopmail.com,police officer
199,Mamie,Vacuva,Mamie.Vacuva@yopmail.com,doctor
200,Edee,Bevin,Edee.Bevin@yopmail.com,doctor
201,Bernardine,Wadell,Bernardine.Wadell@yopmail.com,police officer
202,Clo,Barbey,Clo.Barbey@yopmail.com,worker
203,Diena,Johnsson,Diena.Johnsson@yopmail.com,worker
204,Tierney,Lauraine,Tierney.Lauraine@yopmail.com,doctor
205,Sheelagh,Johnsson,Sheelagh.Johnsson@yopmail.com,developer
206,Kial,Himelman,Kial.Himelman@yopmail.com,developer
207,Clarice,Durante,Clarice.Durante@yopmail.com,developer
208,Carmencita,Berl,Carmencita.Berl@yopmail.com,developer
209,Madeleine,Izaak,Madeleine.Izaak@yopmail.com,police officer
210,Maye,Dunkin,Maye.Dunkin@yopmail.com,doctor
211,Melodie,Erskine,Melodie.Erskine@yopmail.com,firefighter
212,Kate,Gibbeon,Kate.Gibbeon@yopmail.com,worker
213,Barbi,Diogenes,Barbi.Diogenes@yopmail.com,firefighter
214,Rori,Hepsibah,Rori.Hepsibah@yopmail.com,developer
215,Constance,Dominy,Constance.Dominy@yopmail.com,worker
216,Aurelie,Rosalba,Aurelie.Rosalba@yopmail.com,doctor
217,Raquela,Mozelle,Raquela.Mozelle@yopmail.com,firefighter
218,Bobbi,Brian,Bobbi.Brian@yopmail.com,worker
219,Tarra,Meter,Tarra.Meter@yopmail.com,developer
220,Rosene,Secrest,Rosene.Secrest@yopmail.com,firefighter
221,Valera,Anderea,Valera.Anderea@yopmail.com,developer
222,Correy,Vittoria,Correy.Vittoria@yopmail.com,firefighter
223,Violet,Selway,Violet.Selway@yopmail.com,developer
224,Katharina,Strephon,Katharina.Strephon@yopmail.com,police officer
225,Kate,Duwalt,Kate.Duwalt@yopmail.com,firefighter
226,Lita,Helfand,Lita.Helfand@yopmail.com,police officer
227,Annecorinne,Deny,Annecorinne.Deny@yopmail.com,doctor
228,Mary,Lynn,Mary.Lynn@yopmail.com,police officer
229,Edee,Felizio,Edee.Felizio@yopmail.com,developer
230,Lelah,Ludewig,Lelah.Ludewig@yopmail.com,worker
231,Emelina,Vastah,Emelina.Vastah@yopmail.com,police officer
232,Dotty,Kamaria,Dotty.Kamaria@yopmail.com,doctor
233,Halette,Beebe,Halette.Beebe@yopmail.com,developer
234,Jennica,Japeth,Jennica.Japeth@yopmail.com,developer
235,Ursulina,Percy,Ursulina.Percy@yopmail.com,developer
236,Chere,Lubin,Chere.Lubin@yopmail.com,developer
237,Karena,Schwejda,Karena.Schwejda@yopmail.com,firefighter
238,Yolane,Niccolo,Yolane.Niccolo@yopmail.com,doctor
239,Lulita,Lissi,Lulita.Lissi@yopmail.com,worker
240,Althea,Daegal,Althea.Daegal@yopmail.com,firefighter
241,Jenilee,Allina,Jenilee.Allina@yopmail.com,worker
242,Jennica,Shields,Jennica.Shields@yopmail.com,developer
243,Randa,Tillford,Randa.Tillford@yopmail.com,firefighter
244,Sandie,Latini,Sandie.Latini@yopmail.com,firefighter
245,Minne,Sinegold,Minne.Sinegold@yopmail.com,doctor
246,Adore,Frodi,Adore.Frodi@yopmail.com,developer
247,Sindee,Carvey,Sindee.Carvey@yopmail.com,doctor
248,Maryellen,Girardo,Maryellen.Girardo@yopmail.com,worker
249,Shannah,Connelly,Shannah.Connelly@yopmail.com,firefighter
250,Shell,O'Rourke,Shell.O'Rourke@yopmail.com,worker
251,Almeta,Stav,Almeta.Stav@yopmail.com,firefighter
252,Kathi,Infield,Kathi.Infield@yopmail.com,police officer
253,Harrietta,Kirbee,Harrietta.Kirbee@yopmail.com,doctor
254,Nyssa,Edee,Nyssa.Edee@yopmail.com,worker
255,Lilith,Lory,Lilith.Lory@yopmail.com,police officer
256,Dagmar,Publia,Dagmar.Publia@yopmail.com,firefighter
257,Alex,Kare,Alex.Kare@yopmail.com,police officer
258,Mathilda,Candy,Mathilda.Candy@yopmail.com,worker
259,Susette,Yorick,Susette.Yorick@yopmail.com,doctor
260,Kristina,Mehalek,Kristina.Mehalek@yopmail.com,developer
261,Romona,Winnick,Romona.Winnick@yopmail.com,firefighter
262,Tybie,Bobbee,Tybie.Bobbee@yopmail.com,firefighter
263,Robbi,Monk,Robbi.Monk@yopmail.com,police officer
264,Audrie,Raychel,Audrie.Raychel@yopmail.com,worker
265,Wynne,Verger,Wynne.Verger@yopmail.com,worker
266,Pearline,Tryck,Pearline.Tryck@yopmail.com,worker
267,Diena,Kaja,Diena.Kaja@yopmail.com,doctor
268,Aubrie,Kiersten,Aubrie.Kiersten@yopmail.com,firefighter
269,Lita,Fontana,Lita.Fontana@yopmail.com,doctor
270,Marleah,Francyne,Marleah.Francyne@yopmail.com,developer
271,Hettie,Hortensia,Hettie.Hortensia@yopmail.com,firefighter
272,Verla,Nicoline,Verla.Nicoline@yopmail.com,worker
273,Eve,McNully,Eve.McNully@yopmail.com,firefighter
274,Gertrud,Hieronymus,Gertrud.Hieronymus@yopmail.com,worker
275,Pamella,Sharl,Pamella.Sharl@yopmail.com,doctor
276,Carly,Maiah,Carly.Maiah@yopmail.com,police officer
277,Emelina,Idelia,Emelina.Idelia@yopmail.com,developer
278,Jsandye,Wittie,Jsandye.Wittie@yopmail.com,doctor
279,Orsola,Shields,Orsola.Shields@yopmail.com,firefighter
280,Aimil,Schwejda,Aimil.Schwejda@yopmail.com,developer
281,Nollie,Fancie,Nollie.Fancie@yopmail.com,doctor
282,Gwyneth,Vary,Gwyneth.Vary@yopmail.com,firefighter
283,Moyna,Persse,Moyna.Persse@yopmail.com,worker
284,Cecile,Thema,Cecile.Thema@yopmail.com,police officer
285,Kaja,Poll,Kaja.Poll@yopmail.com,police officer
286,Merry,Swanhildas,Merry.Swanhildas@yopmail.com,police officer
287,Merle,Llovera,Merle.Llovera@yopmail.com,doctor
288,Belinda,Heisel,Belinda.Heisel@yopmail.com,worker
289,Amara,Delp,Amara.Delp@yopmail.com,police officer
290,Dominga,Azeria,Dominga.Azeria@yopmail.com,doctor
291,Linet,Salvidor,Linet.Salvidor@yopmail.com,worker
292,Wanda,Pauly,Wanda.Pauly@yopmail.com,developer
293,Elsie,Bennie,Elsie.Bennie@yopmail.com,firefighter
294,Eugine,Ferino,Eugine.Ferino@yopmail.com,worker
295,Brietta,Hachmin,Brietta.Hachmin@yopmail.com,developer
296,Ileana,Carey,Ileana.Carey@yopmail.com,worker
297,Natka,Flita,Natka.Flita@yopmail.com,doctor
298,Veda,LaRue,Veda.LaRue@yopmail.com,doctor
299,Leia,Jalbert,Leia.Jalbert@yopmail.com,doctor
300,Ginnie,Meli,Ginnie.Meli@yopmail.com,police officer
301,Mariann,Brotherson,Mariann.Brotherson@yopmail.com,worker
302,Merrie,Bronk,Merrie.Bronk@yopmail.com,police officer
303,Cristabel,Florina,Cristabel.Florina@yopmail.com,firefighter
304,Alameda,Lunsford,Alameda.Lunsford@yopmail.com,police officer
305,Gabriellia,Avi,Gabriellia.Avi@yopmail.com,doctor
306,Janeczka,Hathaway,Janeczka.Hathaway@yopmail.com,worker
307,Kirstin,Oriana,Kirstin.Oriana@yopmail.com,doctor
308,Tera,Monaco,Tera.Monaco@yopmail.com,doctor
309,Alyda,Therine,Alyda.Therine@yopmail.com,police officer
310,Kirbee,Suzetta,Kirbee.Suzetta@yopmail.com,firefighter
311,Vonny,Mullane,Vonny.Mullane@yopmail.com,doctor
312,Corene,Kiyoshi,Corene.Kiyoshi@yopmail.com,police officer
313,Nikki,Anastatius,Nikki.Anastatius@yopmail.com,developer
314,Carolina,Rosalba,Carolina.Rosalba@yopmail.com,worker
315,Daune,Codding,Daune.Codding@yopmail.com,doctor
316,Jere,MacIntosh,Jere.MacIntosh@yopmail.com,doctor
317,Dede,Travax,Dede.Travax@yopmail.com,doctor
318,Maurene,Anastatius,Maurene.Anastatius@yopmail.com,doctor
319,Mellicent,Slifka,Mellicent.Slifka@yopmail.com,developer
320,Vita,Riva,Vita.Riva@yopmail.com,doctor
321,Gale,Raul,Gale.Raul@yopmail.com,worker
322,Kylynn,Goldina,Kylynn.Goldina@yopmail.com,firefighter
323,Dominga,Trinetta,Dominga.Trinetta@yopmail.com,developer
324,Bobbi,Fiann,Bobbi.Fiann@yopmail.com,firefighter
325,Renae,Eckblad,Renae.Eckblad@yopmail.com,developer
326,Tera,Han,Tera.Han@yopmail.com,doctor
327,Bee,Zrike,Bee.Zrike@yopmail.com,doctor
328,Kara-Lynn,Hubert,Kara-Lynn.Hubert@yopmail.com,worker
329,Mara,Naashom,Mara.Naashom@yopmail.com,worker
330,Jeanna,Mullane,Jeanna.Mullane@yopmail.com,doctor
331,Danika,Lesley,Danika.Lesley@yopmail.com,developer
332,Hildegaard,Winthorpe,Hildegaard.Winthorpe@yopmail.com,firefighter
333,Belinda,Kimmie,Belinda.Kimmie@yopmail.com,police officer
334,Britte,Geffner,Britte.Geffner@yopmail.com,police officer
335,Nickie,Ummersen,Nickie.Ummersen@yopmail.com,firefighter
336,Felice,Teryn,Felice.Teryn@yopmail.com,doctor
337,Katuscha,Camden,Katuscha.Camden@yopmail.com,police officer
338,Nadine,Bord,Nadine.Bord@yopmail.com,firefighter
339,Correy,Thornburg,Correy.Thornburg@yopmail.com,developer
340,Gale,Wenda,Gale.Wenda@yopmail.com,firefighter
341,Karena,Merat,Karena.Merat@yopmail.com,firefighter
342,Viviene,Hunfredo,Viviene.Hunfredo@yopmail.com,developer
343,Krystle,Fink,Krystle.Fink@yopmail.com,developer
344,Trudie,Klemperer,Trudie.Klemperer@yopmail.com,firefighter
345,Petronia,Virgin,Petronia.Virgin@yopmail.com,developer
346,Ruthe,Yuille,Ruthe.Yuille@yopmail.com,police officer
347,Wilma,Phyllis,Wilma.Phyllis@yopmail.com,police officer
348,Rozele,Wind,Rozele.Wind@yopmail.com,worker
349,Suzette,Rhu,Suzette.Rhu@yopmail.com,police officer
350,Berget,Aprile,Berget.Aprile@yopmail.com,doctor
351,Gilda,Wu,Gilda.Wu@yopmail.com,police officer
352,Max,Larochelle,Max.Larochelle@yopmail.com,worker
353,Aurore,Olin,Aurore.Olin@yopmail.com,firefighter
354,Cecile,Kenwood,Cecile.Kenwood@yopmail.com,developer
355,Jessamyn,Sperling,Jessamyn.Sperling@yopmail.com,firefighter
356,Stephanie,Gabrielli,Stephanie.Gabrielli@yopmail.com,doctor
357,Nikki,Hunfredo,Nikki.Hunfredo@yopmail.com,police officer
358,Heddie,Francene,Heddie.Francene@yopmail.com,police officer
359,Dale,Georas,Dale.Georas@yopmail.com,developer
360,Elvira,Clara,Elvira.Clara@yopmail.com,developer
361,Dulce,Gaynor,Dulce.Gaynor@yopmail.com,firefighter
362,Renie,Kenney,Renie.Kenney@yopmail.com,doctor
363,Nannie,Bevin,Nannie.Bevin@yopmail.com,worker
364,Zsa Zsa,Bari,Zsa Zsa.Bari@yopmail.com,firefighter
365,Bobbi,Randene,Bobbi.Randene@yopmail.com,police officer
366,Nannie,Harned,Nannie.Harned@yopmail.com,developer
367,Minne,Docilla,Minne.Docilla@yopmail.com,developer
368,Kellen,Tengdin,Kellen.Tengdin@yopmail.com,worker
369,Margarette,Bashemeth,Margarette.Bashemeth@yopmail.com,developer
370,Perry,Pernick,Perry.Pernick@yopmail.com,doctor
371,Carlie,Truc,Carlie.Truc@yopmail.com,worker
372,Tiffie,Pyle,Tiffie.Pyle@yopmail.com,police officer
373,Florie,Skurnik,Florie.Skurnik@yopmail.com,doctor
374,Allis,Pillsbury,Allis.Pillsbury@yopmail.com,police officer
375,Kate,Earlie,Kate.Earlie@yopmail.com,doctor
376,Sallie,Wildermuth,Sallie.Wildermuth@yopmail.com,worker
377,Dode,Fadiman,Dode.Fadiman@yopmail.com,developer
378,Rosabelle,Gunn,Rosabelle.Gunn@yopmail.com,doctor
379,Melisent,Zachary,Melisent.Zachary@yopmail.com,developer
380,Giustina,Schenck,Giustina.Schenck@yopmail.com,doctor
381,Sashenka,Goth,Sashenka.Goth@yopmail.com,police officer
382,Genovera,Bates,Genovera.Bates@yopmail.com,worker
383,Raina,Han,Raina.Han@yopmail.com,firefighter
384,Veda,Diann,Veda.Diann@yopmail.com,police officer
385,Elsie,Urias,Elsie.Urias@yopmail.com,developer
386,Wilma,Sparhawk,Wilma.Sparhawk@yopmail.com,worker
387,Marinna,Izaak,Marinna.Izaak@yopmail.com,doctor
388,Atlanta,Kosey,Atlanta.Kosey@yopmail.com,police officer
389,Clo,Brodench,Clo.Brodench@yopmail.com,doctor
390,Nananne,Tryck,Nananne.Tryck@yopmail.com,worker
391,Carolina,Giff,Carolina.Giff@yopmail.com,firefighter
392,Aurore,Carmena,Aurore.Carmena@yopmail.com,police officer
393,Elora,Timon,Elora.Timon@yopmail.com,developer
394,Steffane,Garek,Steffane.Garek@yopmail.com,doctor
395,Ulrike,Monaco,Ulrike.Monaco@yopmail.com,police officer
396,Sonni,Malanie,Sonni.Malanie@yopmail.com,police officer
397,Sissy,Israeli,Sissy.Israeli@yopmail.com,doctor
398,Lesly,Guildroy,Lesly.Guildroy@yopmail.com,worker
399,Daryl,Wilona,Daryl.Wilona@yopmail.com,doctor
400,Vevay,Stav,Vevay.Stav@yopmail.com,firefighter
401,Olwen,Anton,Olwen.Anton@yopmail.com,worker
402,Margarette,Belldas,Margarette.Belldas@yopmail.com,worker
403,Keelia,Vale,Keelia.Vale@yopmail.com,police officer
404,Agathe,Hedve,Agathe.Hedve@yopmail.com,developer
405,Ira,Bendick,Ira.Bendick@yopmail.com,police officer
406,Lanae,Deegan,Lanae.Deegan@yopmail.com,police officer
407,Althea,Gwenore,Althea.Gwenore@yopmail.com,doctor
408,Olwen,Concha,Olwen.Concha@yopmail.com,developer
409,Rhoda,Talia,Rhoda.Talia@yopmail.com,developer
410,Marita,Wyn,Marita.Wyn@yopmail.com,developer
411,Tonia,Shama,Tonia.Shama@yopmail.com,doctor
412,Elise,Pelagias,Elise.Pelagias@yopmail.com,developer
413,June,Ulphia,June.Ulphia@yopmail.com,firefighter
414,Maurene,Colp,Maurene.Colp@yopmail.com,police officer
415,Lolita,Kimmie,Lolita.Kimmie@yopmail.com,police officer
416,Alisha,Juliet,Alisha.Juliet@yopmail.com,developer
417,Diena,Tatianas,Diena.Tatianas@yopmail.com,doctor
418,Mureil,Sheedy,Mureil.Sheedy@yopmail.com,police officer
419,Emilia,Lucienne,Emilia.Lucienne@yopmail.com,firefighter
420,Gwenneth,Madelene,Gwenneth.Madelene@yopmail.com,police officer
421,Imojean,Peonir,Imojean.Peonir@yopmail.com,police officer
422,Lily,Carleen,Lily.Carleen@yopmail.com,firefighter
423,Perry,Frodi,Perry.Frodi@yopmail.com,police officer
424,Blondelle,Duwalt,Blondelle.Duwalt@yopmail.com,doctor
425,Ivett,Lemuela,Ivett.Lemuela@yopmail.com,firefighter
426,Chere,Bari,Chere.Bari@yopmail.com,developer
427,Agathe,McClimans,Agathe.McClimans@yopmail.com,developer
428,Paola,Middleton,Paola.Middleton@yopmail.com,police officer
429,Britte,Bebe,Britte.Bebe@yopmail.com,firefighter
430,Sonni,Reidar,Sonni.Reidar@yopmail.com,firefighter
431,Emilia,Fosque,Emilia.Fosque@yopmail.com,firefighter
432,Tamqrah,Hieronymus,Tamqrah.Hieronymus@yopmail.com,doctor
433,Katleen,Lesley,Katleen.Lesley@yopmail.com,firefighter
434,Daune,Artie,Daune.Artie@yopmail.com,worker
435,Jorry,Raseda,Jorry.Raseda@yopmail.com,police officer
436,Eve,Toffic,Eve.Toffic@yopmail.com,police officer
437,Leia,Corabella,Leia.Corabella@yopmail.com,developer
438,Frieda,Japeth,Frieda.Japeth@yopmail.com,worker
439,Georgina,Bibi,Georgina.Bibi@yopmail.com,doctor
440,Evaleen,Standing,Evaleen.Standing@yopmail.com,police officer
441,Ileana,Genna,Ileana.Genna@yopmail.com,developer
442,Elvira,Gavrila,Elvira.Gavrila@yopmail.com,worker
443,Margarette,Sandye,Margarette.Sandye@yopmail.com,firefighter
444,Evita,Ummersen,Evita.Ummersen@yopmail.com,worker
445,Gisela,Georgy,Gisela.Georgy@yopmail.com,doctor
446,Zondra,Denis,Zondra.Denis@yopmail.com,worker
447,Nariko,Jethro,Nariko.Jethro@yopmail.com,worker
448,Flo,Norvol,Flo.Norvol@yopmail.com,firefighter
449,Alejandra,Miru,Alejandra.Miru@yopmail.com,worker
450,Kathy,Breed,Kathy.Breed@yopmail.com,firefighter
451,Moyna,Arley,Moyna.Arley@yopmail.com,police officer
452,Georgetta,Peg,Georgetta.Peg@yopmail.com,firefighter
453,Brynna,Dominy,Brynna.Dominy@yopmail.com,firefighter
454,Andeee,Kazimir,Andeee.Kazimir@yopmail.com,doctor
455,Janis,Weitman,Janis.Weitman@yopmail.com,worker
456,Rubie,Malvino,Rubie.Malvino@yopmail.com,developer
457,Gui,Terencio,Gui.Terencio@yopmail.com,doctor
458,Larine,Cristi,Larine.Cristi@yopmail.com,firefighter
459,Adriana,Dalli,Adriana.Dalli@yopmail.com,police officer
460,Ketti,Olin,Ketti.Olin@yopmail.com,developer
461,Peri,Fontana,Peri.Fontana@yopmail.com,doctor
462,Robinia,Tomasina,Robinia.Tomasina@yopmail.com,worker
463,Dominga,Diann,Dominga.Diann@yopmail.com,developer
464,Lesly,Sallyann,Lesly.Sallyann@yopmail.com,police officer
465,Zondra,Ivens,Zondra.Ivens@yopmail.com,doctor
466,Angela,Milson,Angela.Milson@yopmail.com,firefighter
467,Nessie,Goerke,Nessie.Goerke@yopmail.com,police officer
468,Leeanne,Helve,Leeanne.Helve@yopmail.com,worker
469,Merry,Malvino,Merry.Malvino@yopmail.com,worker
470,Cristine,Koehler,Cristine.Koehler@yopmail.com,developer
471,Beth,Beniamino,Beth.Beniamino@yopmail.com,police officer
472,Allis,An,Allis.An@yopmail.com,developer
473,Caressa,Ball,Caressa.Ball@yopmail.com,firefighter
474,Misha,Pelagias,Misha.Pelagias@yopmail.com,developer
475,Hannis,Raul,Hannis.Raul@yopmail.com,developer
476,Kassey,Vanni,Kassey.Vanni@yopmail.com,police officer
477,Dale,Mayeda,Dale.Mayeda@yopmail.com,worker
478,Dolli,Monaco,Dolli.Monaco@yopmail.com,developer
479,Emmey,Nikaniki,Emmey.Nikaniki@yopmail.com,doctor
480,Odessa,Federica,Odessa.Federica@yopmail.com,developer
481,Susette,Liebermann,Susette.Liebermann@yopmail.com,police officer
482,Brena,Kravits,Brena.Kravits@yopmail.com,developer
483,Tera,Lindemann,Tera.Lindemann@yopmail.com,worker
484,Zondra,Craggie,Zondra.Craggie@yopmail.com,police officer
485,Evita,Berriman,Evita.Berriman@yopmail.com,firefighter
486,Dennie,Zina,Dennie.Zina@yopmail.com,worker
487,Feliza,Nore,Feliza.Nore@yopmail.com,doctor
488,Kassey,Faso,Kassey.Faso@yopmail.com,firefighter
489,Heddie,Burkle,Heddie.Burkle@yopmail.com,firefighter
490,Lynea,Ogren,Lynea.Ogren@yopmail.com,police officer
491,Allyce,Stacy,Allyce.Stacy@yopmail.com,developer
492,Kimmy,Chick,Kimmy.Chick@yopmail.com,firefighter
493,Shirlee,Jehu,Shirlee.Jehu@yopmail.com,firefighter
494,Tani,Birdella,Tani.Birdella@yopmail.com,worker
495,Jasmina,Goddard,Jasmina.Goddard@yopmail.com,police officer
496,Tori,Faria,Tori.Faria@yopmail.com,firefighter
497,Melanie,Nickola,Melanie.Nickola@yopmail.com,developer
498,Arabel,Erb,Arabel.Erb@yopmail.com,police officer
499,Gusella,Gower,Gusella.Gower@yopmail.com,worker
500,Fernande,Deny,Fernande.Deny@yopmail.com,worker
501,Carly,Vary,Carly.Vary@yopmail.com,police officer
502,Lizzie,Weitman,Lizzie.Weitman@yopmail.com,worker
503,Peri,Syd,Peri.Syd@yopmail.com,developer
504,Laure,Maroney,Laure.Maroney@yopmail.com,firefighter
505,Marnia,Read,Marnia.Read@yopmail.com,developer
506,Brandise,Tice,Brandise.Tice@yopmail.com,developer
507,Shandie,Ventre,Shandie.Ventre@yopmail.com,doctor
508,Rivalee,Bonucci,Rivalee.Bonucci@yopmail.com,police officer
509,Emylee,Arley,Emylee.Arley@yopmail.com,worker
510,Kore,Kosey,Kore.Kosey@yopmail.com,police officer
511,Marita,Ralfston,Marita.Ralfston@yopmail.com,police officer
512,Bee,Kermit,Bee.Kermit@yopmail.com,doctor
513,Gretal,Vale,Gretal.Vale@yopmail.com,worker
514,Ira,Maryanne,Ira.Maryanne@yopmail.com,doctor
515,Grier,Bartlett,Grier.Bartlett@yopmail.com,developer
516,Karly,Gilmour,Karly.Gilmour@yopmail.com,firefighter
517,Glenda,Bibi,Glenda.Bibi@yopmail.com,firefighter
518,Ezmeralda,Dannye,Ezmeralda.Dannye@yopmail.com,doctor
519,Heddie,Henebry,Heddie.Henebry@yopmail.com,doctor
520,Lorie,Bivins,Lorie.Bivins@yopmail.com,police officer
521,Chere,Salchunas,Chere.Salchunas@yopmail.com,developer
522,Bertine,Randene,Bertine.Randene@yopmail.com,developer
523,Hollie,Gibbeon,Hollie.Gibbeon@yopmail.com,police officer
524,Alyssa,Claudine,Alyssa.Claudine@yopmail.com,firefighter
525,Edyth,Gerge,Edyth.Gerge@yopmail.com,developer
526,Lyssa,Sinegold,Lyssa.Sinegold@yopmail.com,developer
527,Kelly,Eliathas,Kelly.Eliathas@yopmail.com,police officer
528,Caressa,Cynar,Caressa.Cynar@yopmail.com,police officer
529,Arlina,Grobe,Arlina.Grobe@yopmail.com,firefighter
530,Siana,Heidt,Siana.Heidt@yopmail.com,worker
531,Raquela,Eiser,Raquela.Eiser@yopmail.com,firefighter
532,Rayna,Amasa,Rayna.Amasa@yopmail.com,doctor
533,Carree,Anastatius,Carree.Anastatius@yopmail.com,developer
534,Tera,Alexandr,Tera.Alexandr@yopmail.com,firefighter
535,Larine,Birdella,Larine.Birdella@yopmail.com,worker
536,Britni,Ochs,Britni.Ochs@yopmail.com,developer
537,Vonny,Brodench,Vonny.Brodench@yopmail.com,firefighter
538,Danny,Denis,Danny.Denis@yopmail.com,firefighter
539,Myriam,Stacy,Myriam.Stacy@yopmail.com,firefighter
540,Gabriellia,Plato,Gabriellia.Plato@yopmail.com,firefighter
541,Odessa,Destinee,Odessa.Destinee@yopmail.com,worker
542,Ericka,Gusella,Ericka.Gusella@yopmail.com,worker
543,Tracey,Ursulette,Tracey.Ursulette@yopmail.com,doctor
544,Carolina,Durante,Carolina.Durante@yopmail.com,worker
545,Bee,Sophronia,Bee.Sophronia@yopmail.com,developer
546,Karly,Mendez,Karly.Mendez@yopmail.com,firefighter
547,Cecile,Phyllis,Cecile.Phyllis@yopmail.com,doctor
548,Edyth,Weaks,Edyth.Weaks@yopmail.com,police officer
549,Jasmina,Sawtelle,Jasmina.Sawtelle@yopmail.com,police officer
550,Claresta,Emanuel,Claresta.Emanuel@yopmail.com,worker
551,Lucy,Johanna,Lucy.Johanna@yopmail.com,firefighter
552,Danny,Susannah,Danny.Susannah@yopmail.com,doctor
553,Deirdre,Wilkinson,Deirdre.Wilkinson@yopmail.com,worker
554,Shirlee,Garbe,Shirlee.Garbe@yopmail.com,developer
555,Feliza,Lamoree,Feliza.Lamoree@yopmail.com,police officer
556,Chere,Lowry,Chere.Lowry@yopmail.com,police officer
557,Ofilia,Fiann,Ofilia.Fiann@yopmail.com,worker
558,Tonia,Si,Tonia.Si@yopmail.com,doctor
559,Riannon,Slifka,Riannon.Slifka@yopmail.com,doctor
560,Teriann,Rogerio,Teriann.Rogerio@yopmail.com,doctor
561,Paulita,Lumbard,Paulita.Lumbard@yopmail.com,developer
562,Chloris,Raimondo,Chloris.Raimondo@yopmail.com,doctor
563,Liana,Hillel,Liana.Hillel@yopmail.com,doctor
564,Korrie,Holtz,Korrie.Holtz@yopmail.com,worker
565,Daryl,LaRue,Daryl.LaRue@yopmail.com,developer
566,Aaren,Fillbert,Aaren.Fillbert@yopmail.com,firefighter
567,Caressa,Carvey,Caressa.Carvey@yopmail.com,doctor
568,Sissy,Bach,Sissy.Bach@yopmail.com,doctor
569,Sissy,Bobbee,Sissy.Bobbee@yopmail.com,firefighter
570,Carmela,Hewitt,Carmela.Hewitt@yopmail.com,police officer
571,Rosene,Salvidor,Rosene.Salvidor@yopmail.com,police officer
572,Isa,Leonard,Isa.Leonard@yopmail.com,doctor
573,Celestyna,Darian,Celestyna.Darian@yopmail.com,doctor
574,Devina,Amethist,Devina.Amethist@yopmail.com,developer
575,Lynde,Ummersen,Lynde.Ummersen@yopmail.com,firefighter
576,Monika,Oscar,Monika.Oscar@yopmail.com,doctor
577,Sybille,Malanie,Sybille.Malanie@yopmail.com,worker
578,Starla,Joni,Starla.Joni@yopmail.com,doctor
579,Basia,Germann,Basia.Germann@yopmail.com,police officer
580,Christal,Norvol,Christal.Norvol@yopmail.com,developer
581,Susan,Raama,Susan.Raama@yopmail.com,police officer
582,Genovera,MacIntosh,Genovera.MacIntosh@yopmail.com,developer
583,Cacilie,Gilbertson,Cacilie.Gilbertson@yopmail.com,developer
584,Deloria,Turne,Deloria.Turne@yopmail.com,doctor
585,Gerianna,Letsou,Gerianna.Letsou@yopmail.com,firefighter
586,Eugine,Gualtiero,Eugine.Gualtiero@yopmail.com,developer
587,Cathie,Mike,Cathie.Mike@yopmail.com,police officer
588,Marylou,Pond,Marylou.Pond@yopmail.com,firefighter
589,Glynnis,Capello,Glynnis.Capello@yopmail.com,doctor
590,Fanny,Milson,Fanny.Milson@yopmail.com,worker
591,Roz,Wu,Roz.Wu@yopmail.com,developer
592,Kenna,Hoenack,Kenna.Hoenack@yopmail.com,doctor
593,Correy,Roscoe,Correy.Roscoe@yopmail.com,doctor
594,Petronia,Shirberg,Petronia.Shirberg@yopmail.com,worker
595,Kalina,Leifeste,Kalina.Leifeste@yopmail.com,worker
596,Mahalia,Rustice,Mahalia.Rustice@yopmail.com,worker
597,Livvyy,Chapland,Livvyy.Chapland@yopmail.com,firefighter
598,Rochette,Allys,Rochette.Allys@yopmail.com,worker
599,Marcy,Firmin,Marcy.Firmin@yopmail.com,doctor
600,Raina,Pierette,Raina.Pierette@yopmail.com,developer
601,Suzette,Elbertina,Suzette.Elbertina@yopmail.com,doctor
602,Ernesta,Ramona,Ernesta.Ramona@yopmail.com,firefighter
603,Maisey,Virgin,Maisey.Virgin@yopmail.com,worker
604,Angelique,Isidore,Angelique.Isidore@yopmail.com,firefighter
605,Theodora,Mich,Theodora.Mich@yopmail.com,firefighter
606,Jaclyn,Faso,Jaclyn.Faso@yopmail.com,developer
607,Wileen,Elbertina,Wileen.Elbertina@yopmail.com,doctor
608,Chloris,Libna,Chloris.Libna@yopmail.com,doctor
609,Sabina,Kamaria,Sabina.Kamaria@yopmail.com,worker
610,Lexine,Mich,Lexine.Mich@yopmail.com,doctor
611,Gerianna,Ashok,Gerianna.Ashok@yopmail.com,developer
612,Fanchon,Aloise,Fanchon.Aloise@yopmail.com,doctor
613,Riannon,Bertold,Riannon.Bertold@yopmail.com,developer
614,Aurore,Eliathas,Aurore.Eliathas@yopmail.com,police officer
615,Emma,Mozelle,Emma.Mozelle@yopmail.com,developer
616,Elfreda,Barney,Elfreda.Barney@yopmail.com,worker
617,Valeda,Tiffa,Valeda.Tiffa@yopmail.com,police officer
618,Olwen,Helfand,Olwen.Helfand@yopmail.com,firefighter
619,Phedra,Wenoa,Phedra.Wenoa@yopmail.com,police officer
620,Raquela,Irmine,Raquela.Irmine@yopmail.com,doctor
621,Jennica,Iphlgenia,Jennica.Iphlgenia@yopmail.com,developer
622,Feliza,Cyrie,Feliza.Cyrie@yopmail.com,doctor
623,Lacie,Trey,Lacie.Trey@yopmail.com,firefighter
624,Nollie,Viddah,Nollie.Viddah@yopmail.com,worker
625,Lonnie,Magdalen,Lonnie.Magdalen@yopmail.com,police officer
626,Shauna,Chem,Shauna.Chem@yopmail.com,firefighter
627,Lindie,Thomasina,Lindie.Thomasina@yopmail.com,worker
628,Deane,Leler,Deane.Leler@yopmail.com,worker
629,Ana,Michella,Ana.Michella@yopmail.com,firefighter
630,Hyacinthe,Zachary,Hyacinthe.Zachary@yopmail.com,doctor
631,Kerrin,Jacobah,Kerrin.Jacobah@yopmail.com,developer
632,Nanete,Brodench,Nanete.Brodench@yopmail.com,doctor
633,Merle,Lacombe,Merle.Lacombe@yopmail.com,doctor
634,Laure,Geffner,Laure.Geffner@yopmail.com,police officer
635,Sue,Hamil,Sue.Hamil@yopmail.com,doctor
636,Aili,Holtz,Aili.Holtz@yopmail.com,developer
637,Teriann,Natalia,Teriann.Natalia@yopmail.com,worker
638,Ana,Travax,Ana.Travax@yopmail.com,doctor
639,Charmaine,Berard,Charmaine.Berard@yopmail.com,worker
640,Donetta,Elvyn,Donetta.Elvyn@yopmail.com,police officer
641,Roslyn,Secrest,Roslyn.Secrest@yopmail.com,developer
642,Arabel,Saint,Arabel.Saint@yopmail.com,police officer
643,Pierette,Denis,Pierette.Denis@yopmail.com,doctor
644,Lynnea,Rheingold,Lynnea.Rheingold@yopmail.com,doctor
645,Phylis,Thilda,Phylis.Thilda@yopmail.com,developer
646,Pamella,Juliet,Pamella.Juliet@yopmail.com,firefighter
647,Deane,Suzetta,Deane.Suzetta@yopmail.com,developer
648,Marti,Iiette,Marti.Iiette@yopmail.com,developer
649,Jillayne,Ivens,Jillayne.Ivens@yopmail.com,doctor
650,Madeleine,Adore,Madeleine.Adore@yopmail.com,police officer
651,Charmaine,Annabella,Charmaine.Annabella@yopmail.com,firefighter
652,Audrie,Carey,Audrie.Carey@yopmail.com,doctor
653,Stevana,Ambrosia,Stevana.Ambrosia@yopmail.com,firefighter
654,Chickie,Khorma,Chickie.Khorma@yopmail.com,worker
655,Hyacinthe,Kesley,Hyacinthe.Kesley@yopmail.com,worker
656,Loree,Jess,Loree.Jess@yopmail.com,developer
657,Marline,Delp,Marline.Delp@yopmail.com,worker
658,Ellette,Morgun,Ellette.Morgun@yopmail.com,worker
659,Sallie,Camden,Sallie.Camden@yopmail.com,police officer
660,Ernesta,Craggie,Ernesta.Craggie@yopmail.com,developer
661,Selma,Simmonds,Selma.Simmonds@yopmail.com,developer
662,Tobe,Garek,Tobe.Garek@yopmail.com,police officer
663,Adele,Loeb,Adele.Loeb@yopmail.com,doctor
664,Chrystel,Even,Chrystel.Even@yopmail.com,police officer
665,Kelly,Winnick,Kelly.Winnick@yopmail.com,firefighter
666,Janeczka,Huggins,Janeczka.Huggins@yopmail.com,police officer
667,Pamella,Adrienne,Pamella.Adrienne@yopmail.com,developer
668,Leontine,Gamaliel,Leontine.Gamaliel@yopmail.com,police officer
669,Aurelie,Leler,Aurelie.Leler@yopmail.com,developer
670,Tybie,Mich,Tybie.Mich@yopmail.com,worker
671,Cathie,Honoria,Cathie.Honoria@yopmail.com,police officer
672,Codie,Gale,Codie.Gale@yopmail.com,police officer
673,Albertina,Alva,Albertina.Alva@yopmail.com,firefighter
674,Sam,Kalinda,Sam.Kalinda@yopmail.com,firefighter
675,Janis,Norrie,Janis.Norrie@yopmail.com,police officer
676,Tersina,Liva,Tersina.Liva@yopmail.com,police officer
677,Yetty,Talia,Yetty.Talia@yopmail.com,developer
678,Laure,Sharl,Laure.Sharl@yopmail.com,worker
679,Marjie,Wu,Marjie.Wu@yopmail.com,police officer
680,Cindelyn,Lymann,Cindelyn.Lymann@yopmail.com,firefighter
681,Gianina,Lymann,Gianina.Lymann@yopmail.com,doctor
682,Noelle,Estella,Noelle.Estella@yopmail.com,doctor
683,Averyl,MacIntosh,Averyl.MacIntosh@yopmail.com,police officer
684,Binny,Melony,Binny.Melony@yopmail.com,worker
685,Julieta,Fadiman,Julieta.Fadiman@yopmail.com,worker
686,Lonnie,Tice,Lonnie.Tice@yopmail.com,developer
687,Ardeen,Terrence,Ardeen.Terrence@yopmail.com,developer
688,Norine,Hubert,Norine.Hubert@yopmail.com,police officer
689,Courtnay,Thema,Courtnay.Thema@yopmail.com,firefighter
690,Gui,Hepsibah,Gui.Hepsibah@yopmail.com,worker
691,Talya,Lilybelle,Talya.Lilybelle@yopmail.com,doctor
692,Suzette,Lacombe,Suzette.Lacombe@yopmail.com,police officer
693,Harrietta,Lewes,Harrietta.Lewes@yopmail.com,firefighter
694,Donetta,Flyn,Donetta.Flyn@yopmail.com,developer
695,Harmonia,Carmena,Harmonia.Carmena@yopmail.com,police officer
696,Sallie,Clie,Sallie.Clie@yopmail.com,developer
697,Susan,Harday,Susan.Harday@yopmail.com,police officer
698,Christy,Libna,Christy.Libna@yopmail.com,doctor
699,Gisela,Thornburg,Gisela.Thornburg@yopmail.com,firefighter
700,Ulrike,Faro,Ulrike.Faro@yopmail.com,firefighter
701,Belva,Honoria,Belva.Honoria@yopmail.com,police officer
702,Trudie,Cherianne,Trudie.Cherianne@yopmail.com,firefighter
703,Halette,Grosz,Halette.Grosz@yopmail.com,worker
704,Helsa,Isacco,Helsa.Isacco@yopmail.com,worker
705,Beatriz,Marden,Beatriz.Marden@yopmail.com,developer
706,June,Ogren,June.Ogren@yopmail.com,doctor
707,Dennie,Autrey,Dennie.Autrey@yopmail.com,developer
708,Ardeen,Serilda,Ardeen.Serilda@yopmail.com,worker
709,Ariela,Herrera,Ariela.Herrera@yopmail.com,worker
710,Jessy,Alisia,Jessy.Alisia@yopmail.com,worker
711,Evaleen,Jena,Evaleen.Jena@yopmail.com,doctor
712,Alejandra,Sigfrid,Alejandra.Sigfrid@yopmail.com,developer
713,Joleen,Darian,Joleen.Darian@yopmail.com,police officer
714,Jaclyn,Keily,Jaclyn.Keily@yopmail.com,police officer
715,Ingrid,Isacco,Ingrid.Isacco@yopmail.com,firefighter
716,Elmira,Nunci,Elmira.Nunci@yopmail.com,worker
717,Harrietta,Wiener,Harrietta.Wiener@yopmail.com,worker
718,Sonni,Rosette,Sonni.Rosette@yopmail.com,worker
719,Allis,Hanleigh,Allis.Hanleigh@yopmail.com,developer
720,Sue,Hertzfeld,Sue.Hertzfeld@yopmail.com,developer
721,Correy,Libna,Correy.Libna@yopmail.com,firefighter
722,Lisette,Chinua,Lisette.Chinua@yopmail.com,police officer
723,Felice,Yate,Felice.Yate@yopmail.com,firefighter
724,Gaylene,Hieronymus,Gaylene.Hieronymus@yopmail.com,developer
725,Shell,Billye,Shell.Billye@yopmail.com,developer
726,Delilah,Toni,Delilah.Toni@yopmail.com,doctor
727,Gaylene,Sperling,Gaylene.Sperling@yopmail.com,doctor
728,Jaclyn,Grosz,Jaclyn.Grosz@yopmail.com,developer
729,Sue,Meli,Sue.Meli@yopmail.com,police officer
730,Rori,Stefa,Rori.Stefa@yopmail.com,doctor
731,Johna,Delacourt,Johna.Delacourt@yopmail.com,worker
732,Marcy,Flyn,Marcy.Flyn@yopmail.com,doctor
733,Caryl,Billye,Caryl.Billye@yopmail.com,police officer
734,Perry,Morrill,Perry.Morrill@yopmail.com,police officer
735,Caritta,Bettine,Caritta.Bettine@yopmail.com,firefighter
736,Bettine,Fennessy,Bettine.Fennessy@yopmail.com,worker
737,Lindie,Natalia,Lindie.Natalia@yopmail.com,firefighter
738,Ernesta,Evvie,Ernesta.Evvie@yopmail.com,doctor
739,Ericka,Toffic,Ericka.Toffic@yopmail.com,firefighter
740,Rivalee,Lumbard,Rivalee.Lumbard@yopmail.com,doctor
741,Frieda,Kirstin,Frieda.Kirstin@yopmail.com,developer
742,Queenie,Juliet,Queenie.Juliet@yopmail.com,worker
743,Margalo,Pacorro,Margalo.Pacorro@yopmail.com,worker
744,Vinita,Sisile,Vinita.Sisile@yopmail.com,firefighter
745,Marline,Idelia,Marline.Idelia@yopmail.com,police officer
746,Winifred,Ashely,Winifred.Ashely@yopmail.com,firefighter
747,Ariela,Zitvaa,Ariela.Zitvaa@yopmail.com,firefighter
748,Melisent,Sothena,Melisent.Sothena@yopmail.com,police officer
749,Celestyna,Ferrell,Celestyna.Ferrell@yopmail.com,developer
750,Taffy,Monk,Taffy.Monk@yopmail.com,doctor
751,Devina,Pulsifer,Devina.Pulsifer@yopmail.com,police officer
752,Amara,Ardeha,Amara.Ardeha@yopmail.com,developer
753,Joeann,Percy,Joeann.Percy@yopmail.com,developer
754,Emylee,Loring,Emylee.Loring@yopmail.com,firefighter
755,Genevra,Redmond,Genevra.Redmond@yopmail.com,firefighter
756,Katharina,Blase,Katharina.Blase@yopmail.com,worker
757,Melodie,Faust,Melodie.Faust@yopmail.com,firefighter
758,Rubie,Kunin,Rubie.Kunin@yopmail.com,worker
759,Gretal,Donell,Gretal.Donell@yopmail.com,developer
760,Georgina,Fabiola,Georgina.Fabiola@yopmail.com,police officer
761,Corly,Olnee,Corly.Olnee@yopmail.com,police officer
762,Kial,Maroney,Kial.Maroney@yopmail.com,worker
763,Kara-Lynn,Hirsch,Kara-Lynn.Hirsch@yopmail.com,developer
764,Celestyna,Olympium,Celestyna.Olympium@yopmail.com,police officer
765,Marnia,Elbertina,Marnia.Elbertina@yopmail.com,firefighter
766,Peri,Hailee,Peri.Hailee@yopmail.com,police officer
767,Clarice,Roxanna,Clarice.Roxanna@yopmail.com,worker
768,Marcelline,Sacken,Marcelline.Sacken@yopmail.com,developer
769,Harmonia,Ruvolo,Harmonia.Ruvolo@yopmail.com,doctor
770,Bibby,Tjon,Bibby.Tjon@yopmail.com,police officer
771,Kassey,Daegal,Kassey.Daegal@yopmail.com,doctor
772,Jillayne,Maribeth,Jillayne.Maribeth@yopmail.com,worker
773,Desirae,Vins,Desirae.Vins@yopmail.com,worker
774,Minda,Sasnett,Minda.Sasnett@yopmail.com,worker
775,Karina,Holbrook,Karina.Holbrook@yopmail.com,worker
776,Sharai,Ariella,Sharai.Ariella@yopmail.com,firefighter
777,Jaime,Suzetta,Jaime.Suzetta@yopmail.com,doctor
778,Kalina,Janene,Kalina.Janene@yopmail.com,police officer
779,Aigneis,Dosia,Aigneis.Dosia@yopmail.com,firefighter
780,Monika,Rubie,Monika.Rubie@yopmail.com,police officer
781,Bernie,Dreda,Bernie.Dreda@yopmail.com,police officer
782,Odessa,Alrich,Odessa.Alrich@yopmail.com,developer
783,Shandie,Fosque,Shandie.Fosque@yopmail.com,police officer
784,Gloria,Corrine,Gloria.Corrine@yopmail.com,police officer
785,Norine,Rustice,Norine.Rustice@yopmail.com,worker
786,Di,Ball,Di.Ball@yopmail.com,developer
787,Hettie,Ax,Hettie.Ax@yopmail.com,doctor
788,Consuela,Vacuva,Consuela.Vacuva@yopmail.com,developer
789,Eolanda,Harl,Eolanda.Harl@yopmail.com,firefighter
790,Collen,Ariella,Collen.Ariella@yopmail.com,firefighter
791,Estell,Poppy,Estell.Poppy@yopmail.com,firefighter
792,Hallie,Dorothy,Hallie.Dorothy@yopmail.com,police officer
793,Dianemarie,Douglass,Dianemarie.Douglass@yopmail.com,doctor
794,Ericka,Pacorro,Ericka.Pacorro@yopmail.com,worker
795,Reeba,Percy,Reeba.Percy@yopmail.com,worker
796,Daryl,Othilia,Daryl.Othilia@yopmail.com,firefighter
797,Madeleine,Alabaster,Madeleine.Alabaster@yopmail.com,developer
798,Myriam,Brian,Myriam.Brian@yopmail.com,doctor
799,Addia,Couture,Addia.Couture@yopmail.com,doctor
800,Dorothy,Tristram,Dorothy.Tristram@yopmail.com,worker
801,Teriann,Fry,Teriann.Fry@yopmail.com,worker
802,Alejandra,Natalia,Alejandra.Natalia@yopmail.com,police officer
803,Goldie,Voletta,Goldie.Voletta@yopmail.com,developer
804,Sara-Ann,Hanleigh,Sara-Ann.Hanleigh@yopmail.com,worker
805,Cindelyn,Bonilla,Cindelyn.Bonilla@yopmail.com,worker
806,Arlina,Sparhawk,Arlina.Sparhawk@yopmail.com,worker
807,Millie,Ephrem,Millie.Ephrem@yopmail.com,firefighter
808,Ronna,Shuler,Ronna.Shuler@yopmail.com,police officer
809,Riannon,Cohdwell,Riannon.Cohdwell@yopmail.com,firefighter
810,Elyssa,Jethro,Elyssa.Jethro@yopmail.com,worker
811,Marika,Read,Marika.Read@yopmail.com,developer
812,Hallie,Pauly,Hallie.Pauly@yopmail.com,police officer
813,Julieta,Juan,Julieta.Juan@yopmail.com,firefighter
814,Monika,Blase,Monika.Blase@yopmail.com,firefighter
815,Nerta,Forrer,Nerta.Forrer@yopmail.com,developer
816,Vonny,Alisia,Vonny.Alisia@yopmail.com,police officer
817,Tiffie,Skurnik,Tiffie.Skurnik@yopmail.com,firefighter
818,Collen,Laverne,Collen.Laverne@yopmail.com,firefighter
819,Pollyanna,Sawtelle,Pollyanna.Sawtelle@yopmail.com,firefighter
820,Mahalia,Hamil,Mahalia.Hamil@yopmail.com,worker
821,Allis,McClimans,Allis.McClimans@yopmail.com,developer
822,Marcelline,Maurine,Marcelline.Maurine@yopmail.com,doctor
823,Mamie,Seessel,Mamie.Seessel@yopmail.com,developer
824,Sallie,Dunkin,Sallie.Dunkin@yopmail.com,firefighter
825,Fina,Prouty,Fina.Prouty@yopmail.com,police officer
826,Edee,Carbo,Edee.Carbo@yopmail.com,firefighter
827,Rosanne,Schwejda,Rosanne.Schwejda@yopmail.com,firefighter
828,Winny,Bari,Winny.Bari@yopmail.com,firefighter
829,Cindelyn,Craggie,Cindelyn.Craggie@yopmail.com,doctor
830,Elise,Konyn,Elise.Konyn@yopmail.com,developer
831,Celestyna,Fitzsimmons,Celestyna.Fitzsimmons@yopmail.com,doctor
832,Myrtice,Garbe,Myrtice.Garbe@yopmail.com,firefighter
833,Ashlee,Dannye,Ashlee.Dannye@yopmail.com,worker
834,Dulce,Horan,Dulce.Horan@yopmail.com,worker
835,Cyndie,Berriman,Cyndie.Berriman@yopmail.com,worker
836,Coral,Janene,Coral.Janene@yopmail.com,firefighter
837,Jobi,Bobbee,Jobi.Bobbee@yopmail.com,developer
838,Kary,Wolfgram,Kary.Wolfgram@yopmail.com,worker
839,Tarra,Mallon,Tarra.Mallon@yopmail.com,firefighter
840,Damaris,Aloise,Damaris.Aloise@yopmail.com,worker
841,Max,Vernier,Max.Vernier@yopmail.com,developer
842,Bettine,Oscar,Bettine.Oscar@yopmail.com,firefighter
843,Cyndie,Caitlin,Cyndie.Caitlin@yopmail.com,worker
844,Phylis,Gaulin,Phylis.Gaulin@yopmail.com,doctor
845,Sonni,Zetta,Sonni.Zetta@yopmail.com,developer
846,Deedee,Payson,Deedee.Payson@yopmail.com,doctor
847,Aubrie,Hubert,Aubrie.Hubert@yopmail.com,worker
848,Cassondra,Jammal,Cassondra.Jammal@yopmail.com,doctor
849,Rori,Zetta,Rori.Zetta@yopmail.com,doctor
850,Fanchon,Pattin,Fanchon.Pattin@yopmail.com,police officer
851,Dorene,Simmonds,Dorene.Simmonds@yopmail.com,worker
852,Daryl,Francyne,Daryl.Francyne@yopmail.com,developer
853,Randa,Seagraves,Randa.Seagraves@yopmail.com,firefighter
854,Molli,Ariella,Molli.Ariella@yopmail.com,doctor
855,Kimmy,Dreda,Kimmy.Dreda@yopmail.com,developer
856,Ana,Gualtiero,Ana.Gualtiero@yopmail.com,worker
857,Alie,Shaddock,Alie.Shaddock@yopmail.com,firefighter
858,Teriann,Blase,Teriann.Blase@yopmail.com,doctor
859,Caressa,Drus,Caressa.Drus@yopmail.com,doctor
860,Melanie,Irmine,Melanie.Irmine@yopmail.com,worker
861,Deedee,Heidt,Deedee.Heidt@yopmail.com,firefighter
862,Gloria,Harday,Gloria.Harday@yopmail.com,doctor
863,Blake,Nore,Blake.Nore@yopmail.com,police officer
864,Gerianna,Afton,Gerianna.Afton@yopmail.com,developer
865,Nataline,Sinegold,Nataline.Sinegold@yopmail.com,doctor
866,Minda,Stephie,Minda.Stephie@yopmail.com,worker
867,Peri,Bendick,Peri.Bendick@yopmail.com,firefighter
868,Brooks,Rad,Brooks.Rad@yopmail.com,firefighter
869,Ardenia,Curren,Ardenia.Curren@yopmail.com,police officer
870,Madelle,Ahab,Madelle.Ahab@yopmail.com,developer
871,Gavrielle,Fiester,Gavrielle.Fiester@yopmail.com,police officer
872,Shirlee,Neils,Shirlee.Neils@yopmail.com,worker
873,Gavrielle,Jehu,Gavrielle.Jehu@yopmail.com,worker
874,Cecile,Stoller,Cecile.Stoller@yopmail.com,doctor
875,Aeriela,Jena,Aeriela.Jena@yopmail.com,worker
876,Edee,Durante,Edee.Durante@yopmail.com,firefighter
877,Aigneis,Giule,Aigneis.Giule@yopmail.com,police officer
878,Elie,Harriman,Elie.Harriman@yopmail.com,firefighter
879,Sheelagh,Maxi,Sheelagh.Maxi@yopmail.com,developer
880,Morganica,Arne,Morganica.Arne@yopmail.com,doctor
881,Mamie,Lattie,Mamie.Lattie@yopmail.com,police officer
882,Merrie,Carleen,Merrie.Carleen@yopmail.com,developer
883,Ottilie,Schenck,Ottilie.Schenck@yopmail.com,doctor
884,Orsola,Llovera,Orsola.Llovera@yopmail.com,developer
885,Codie,Kravits,Codie.Kravits@yopmail.com,firefighter
886,Sadie,Louanna,Sadie.Louanna@yopmail.com,doctor
887,Hollie,Bearnard,Hollie.Bearnard@yopmail.com,police officer
888,Ebonee,Brady,Ebonee.Brady@yopmail.com,worker
889,Katharina,Larochelle,Katharina.Larochelle@yopmail.com,firefighter
890,Katleen,Magnolia,Katleen.Magnolia@yopmail.com,worker
891,Kelly,Rillings,Kelly.Rillings@yopmail.com,police officer
892,Elsie,Lumbard,Elsie.Lumbard@yopmail.com,developer
893,Fernande,Ephrem,Fernande.Ephrem@yopmail.com,developer
894,Susan,Alejoa,Susan.Alejoa@yopmail.com,developer
895,Stevana,Brady,Stevana.Brady@yopmail.com,firefighter
896,Taffy,Nester,Taffy.Nester@yopmail.com,firefighter
897,Darci,Maiah,Darci.Maiah@yopmail.com,doctor
898,Loree,Codding,Loree.Codding@yopmail.com,developer
899,Gwyneth,Vorster,Gwyneth.Vorster@yopmail.com,doctor
900,Starla,Hashim,Starla.Hashim@yopmail.com,developer
901,Laurene,Linehan,Laurene.Linehan@yopmail.com,doctor
902,Viki,Lalitta,Viki.Lalitta@yopmail.com,doctor
903,Robbi,Lanita,Robbi.Lanita@yopmail.com,doctor
904,Dolli,Taam,Dolli.Taam@yopmail.com,firefighter
905,Althea,Baylor,Althea.Baylor@yopmail.com,doctor
906,Antonietta,Rustice,Antonietta.Rustice@yopmail.com,firefighter
907,Chickie,Stefa,Chickie.Stefa@yopmail.com,police officer
908,Nelle,Sekofski,Nelle.Sekofski@yopmail.com,doctor
909,Pamella,Modie,Pamella.Modie@yopmail.com,firefighter
910,Allis,Edvard,Allis.Edvard@yopmail.com,worker
911,Jennica,Birdella,Jennica.Birdella@yopmail.com,developer
912,Aigneis,Bates,Aigneis.Bates@yopmail.com,police officer
913,Emmey,Maryanne,Emmey.Maryanne@yopmail.com,police officer
914,Emelina,Saree,Emelina.Saree@yopmail.com,police officer
915,Edee,Helfand,Edee.Helfand@yopmail.com,doctor
916,Nessie,Marden,Nessie.Marden@yopmail.com,developer
917,Dulce,Hutchison,Dulce.Hutchison@yopmail.com,developer
918,Zaria,Wadell,Zaria.Wadell@yopmail.com,worker
919,Kathi,Westphal,Kathi.Westphal@yopmail.com,doctor
920,Consuela,Chauncey,Consuela.Chauncey@yopmail.com,firefighter
921,Mariele,Allys,Mariele.Allys@yopmail.com,worker
922,Clarice,Mullane,Clarice.Mullane@yopmail.com,firefighter
923,Gabriellia,Brotherson,Gabriellia.Brotherson@yopmail.com,firefighter
924,Korrie,Forrer,Korrie.Forrer@yopmail.com,firefighter
925,Alleen,Jotham,Alleen.Jotham@yopmail.com,police officer
926,Catharine,Fillbert,Catharine.Fillbert@yopmail.com,firefighter
927,Lynnea,Winnick,Lynnea.Winnick@yopmail.com,firefighter
928,Tersina,Jotham,Tersina.Jotham@yopmail.com,developer
929,Jean,Bouchard,Jean.Bouchard@yopmail.com,worker
930,Cindelyn,Medrek,Cindelyn.Medrek@yopmail.com,developer
931,Gertrud,Shanley,Gertrud.Shanley@yopmail.com,firefighter
932,Lita,Goode,Lita.Goode@yopmail.com,police officer
933,Cassondra,Judye,Cassondra.Judye@yopmail.com,doctor
934,Danny,Fax,Danny.Fax@yopmail.com,doctor
935,Aeriela,Arathorn,Aeriela.Arathorn@yopmail.com,firefighter
936,Ninnetta,Yorick,Ninnetta.Yorick@yopmail.com,doctor
937,Carmela,Thomasina,Carmela.Thomasina@yopmail.com,developer
938,Bertine,Whittaker,Bertine.Whittaker@yopmail.com,police officer
939,Blondelle,Docilla,Blondelle.Docilla@yopmail.com,developer
940,Roberta,Glenden,Roberta.Glenden@yopmail.com,firefighter
941,Berget,Lynn,Berget.Lynn@yopmail.com,firefighter
942,Rebeca,Mauer,Rebeca.Mauer@yopmail.com,worker
943,Laurene,Rurik,Laurene.Rurik@yopmail.com,police officer
944,Rivalee,Alisia,Rivalee.Alisia@yopmail.com,firefighter
945,Cyndie,Douglass,Cyndie.Douglass@yopmail.com,worker
946,Vevay,Sherfield,Vevay.Sherfield@yopmail.com,firefighter
947,Merrie,Hirsch,Merrie.Hirsch@yopmail.com,worker
948,Sophia,Freddi,Sophia.Freddi@yopmail.com,firefighter
949,Merle,Baudin,Merle.Baudin@yopmail.com,doctor
950,Hallie,Lattie,Hallie.Lattie@yopmail.com,developer
951,Gilda,Iaverne,Gilda.Iaverne@yopmail.com,worker
952,Dominga,Joni,Dominga.Joni@yopmail.com,firefighter
953,Lily,Sadowski,Lily.Sadowski@yopmail.com,developer
954,Ellette,Modie,Ellette.Modie@yopmail.com,worker
955,Moyna,Screens,Moyna.Screens@yopmail.com,firefighter
956,Ana,Artie,Ana.Artie@yopmail.com,police officer
957,Karolina,Gibbeon,Karolina.Gibbeon@yopmail.com,doctor
958,Coral,Gino,Coral.Gino@yopmail.com,developer
959,Adore,Shuler,Adore.Shuler@yopmail.com,police officer
960,Perry,Bow,Perry.Bow@yopmail.com,firefighter
961,Kylynn,Thunell,Kylynn.Thunell@yopmail.com,police officer
962,Violet,McClimans,Violet.McClimans@yopmail.com,firefighter
963,Sashenka,Oriana,Sashenka.Oriana@yopmail.com,doctor
964,Gavrielle,Docilla,Gavrielle.Docilla@yopmail.com,firefighter
965,Yolane,Tound,Yolane.Tound@yopmail.com,worker
966,Nonnah,Gombach,Nonnah.Gombach@yopmail.com,firefighter
967,Bibby,Berl,Bibby.Berl@yopmail.com,police officer
968,Iseabal,Bartlett,Iseabal.Bartlett@yopmail.com,firefighter
969,Marguerite,Janith,Marguerite.Janith@yopmail.com,worker
970,Meg,Kirstin,Meg.Kirstin@yopmail.com,worker
971,Tera,Lipson,Tera.Lipson@yopmail.com,firefighter
972,Sybille,O'Rourke,Sybille.O'Rourke@yopmail.com,worker
973,Marti,Oster,Marti.Oster@yopmail.com,firefighter
974,Layla,Bohlin,Layla.Bohlin@yopmail.com,firefighter
975,Allyce,Lay,Allyce.Lay@yopmail.com,worker
976,Dania,Donoghue,Dania.Donoghue@yopmail.com,firefighter
977,Tani,Friede,Tani.Friede@yopmail.com,developer
978,Fawne,Tomasina,Fawne.Tomasina@yopmail.com,firefighter
979,Babita,Jehu,Babita.Jehu@yopmail.com,developer
980,Rhoda,Hanleigh,Rhoda.Hanleigh@yopmail.com,developer
981,Angela,Killigrew,Angela.Killigrew@yopmail.com,developer
982,Neila,Tice,Neila.Tice@yopmail.com,doctor
983,Florie,Croix,Florie.Croix@yopmail.com,firefighter
984,Kalina,Eachern,Kalina.Eachern@yopmail.com,worker
985,Mady,Morgun,Mady.Morgun@yopmail.com,firefighter
986,Chandra,Hoenack,Chandra.Hoenack@yopmail.com,worker
987,Catrina,Emmaline,Catrina.Emmaline@yopmail.com,police officer
988,Betta,Bonucci,Betta.Bonucci@yopmail.com,worker
989,Karly,Urias,Karly.Urias@yopmail.com,developer
990,Genovera,Merell,Genovera.Merell@yopmail.com,police officer
991,Oona,Iaverne,Oona.Iaverne@yopmail.com,police officer
992,Bernie,Ochs,Bernie.Ochs@yopmail.com,firefighter
993,Evaleen,Minetta,Evaleen.Minetta@yopmail.com,firefighter
994,Tera,Harriman,Tera.Harriman@yopmail.com,police officer
995,Corry,Goth,Corry.Goth@yopmail.com,developer
996,Kelly,Raul,Kelly.Raul@yopmail.com,firefighter
997,Patricia,Malanie,Patricia.Malanie@yopmail.com,police officer
998,Charissa,Zenas,Charissa.Zenas@yopmail.com,doctor
999,Lenna,Lane,Lenna.Lane@yopmail.com,worker
1000,Shannah,Cookie,Shannah.Cookie@yopmail.com,firefighter
1001,Amelia,Hilbert,Amelia.Hilbert@yopmail.com,police officer
1002,Gwyneth,Bonilla,Gwyneth.Bonilla@yopmail.com,worker
1003,Edith,Fillbert,Edith.Fillbert@yopmail.com,police officer
1004,Meg,Si,Meg.Si@yopmail.com,doctor
1005,Elsie,Love,Elsie.Love@yopmail.com,worker
1006,Wynne,Penelopa,Wynne.Penelopa@yopmail.com,police officer
1007,Barbara,Honoria,Barbara.Honoria@yopmail.com,developer
1008,Tami,Markman,Tami.Markman@yopmail.com,firefighter
1009,Cathyleen,Bryna,Cathyleen.Bryna@yopmail.com,police officer
1010,Leontine,Myrilla,Leontine.Myrilla@yopmail.com,developer
1011,Esmeralda,Jefferey,Esmeralda.Jefferey@yopmail.com,developer
1012,Roz,Cookie,Roz.Cookie@yopmail.com,police officer
1013,Pollyanna,Lucienne,Pollyanna.Lucienne@yopmail.com,worker
1014,Cordi,Jefferey,Cordi.Jefferey@yopmail.com,doctor
1015,Rosanne,Herrera,Rosanne.Herrera@yopmail.com,developer
1016,Fawne,Pettiford,Fawne.Pettiford@yopmail.com,firefighter
1017,Viki,Ramona,Viki.Ramona@yopmail.com,firefighter
1018,Cordi,Seligman,Cordi.Seligman@yopmail.com,firefighter
1019,Kenna,Erskine,Kenna.Erskine@yopmail.com,worker
1020,Clementine,Weide,Clementine.Weide@yopmail.com,worker
1021,Leeanne,Moina,Leeanne.Moina@yopmail.com,developer
1022,Sherrie,Brittani,Sherrie.Brittani@yopmail.com,police officer
1023,Lisette,Sholley,Lisette.Sholley@yopmail.com,doctor
1024,Elka,Cressida,Elka.Cressida@yopmail.com,police officer
1025,Ardenia,Cassius,Ardenia.Cassius@yopmail.com,police officer
1026,Linzy,Fiester,Linzy.Fiester@yopmail.com,developer
1027,Florie,Diann,Florie.Diann@yopmail.com,developer
1028,Valeda,Harday,Valeda.Harday@yopmail.com,doctor
1029,Natka,Anis,Natka.Anis@yopmail.com,firefighter
1030,Violet,Millda,Violet.Millda@yopmail.com,doctor
1031,Dede,Hebner,Dede.Hebner@yopmail.com,police officer
1032,Phylis,Tarrant,Phylis.Tarrant@yopmail.com,developer
1033,Mignon,Jalbert,Mignon.Jalbert@yopmail.com,police officer
1034,Elsie,Katrine,Elsie.Katrine@yopmail.com,developer
1035,Taffy,Carey,Taffy.Carey@yopmail.com,developer
1036,Nadine,Birdella,Nadine.Birdella@yopmail.com,worker
1037,Debee,Wilona,Debee.Wilona@yopmail.com,worker
1038,Mignon,Sikorski,Mignon.Sikorski@yopmail.com,developer
1039,Madeleine,Schonfeld,Madeleine.Schonfeld@yopmail.com,firefighter
1040,Emylee,Seumas,Emylee.Seumas@yopmail.com,developer
1041,Frances,Wareing,Frances.Wareing@yopmail.com,worker
1042,Lusa,Vilma,Lusa.Vilma@yopmail.com,firefighter
1043,Charissa,Jammal,Charissa.Jammal@yopmail.com,worker
1044,Amelia,Argus,Amelia.Argus@yopmail.com,doctor
1045,Kelly,Lail,Kelly.Lail@yopmail.com,worker
1046,Dominga,Carbo,Dominga.Carbo@yopmail.com,doctor
1047,Britni,Schalles,Britni.Schalles@yopmail.com,developer
1048,Carol-Jean,Kussell,Carol-Jean.Kussell@yopmail.com,developer
1049,Sissy,Bartlett,Sissy.Bartlett@yopmail.com,firefighter
1050,Jackie,Saunderson,Jackie.Saunderson@yopmail.com,firefighter
1051,Jennica,Bahr,Jennica.Bahr@yopmail.com,police officer
1052,Kassey,Fancie,Kassey.Fancie@yopmail.com,doctor
1053,Maurene,Sherrie,Maurene.Sherrie@yopmail.com,worker
1054,Frieda,Tryck,Frieda.Tryck@yopmail.com,worker
1055,Beth,Diogenes,Beth.Diogenes@yopmail.com,developer
1056,Correy,Eiser,Correy.Eiser@yopmail.com,doctor
1057,Ana,Eachern,Ana.Eachern@yopmail.com,developer
1058,Cherilyn,Belanger,Cherilyn.Belanger@yopmail.com,firefighter
1059,Doro,Granoff,Doro.Granoff@yopmail.com,police officer
1060,Janeczka,Martsen,Janeczka.Martsen@yopmail.com,worker
1061,Sean,Codding,Sean.Codding@yopmail.com,police officer
1062,Gwenneth,Raffo,Gwenneth.Raffo@yopmail.com,worker
1063,Jillayne,Lilas,Jillayne.Lilas@yopmail.com,developer
1064,Genevra,Loeb,Genevra.Loeb@yopmail.com,doctor
1065,Raina,Pozzy,Raina.Pozzy@yopmail.com,doctor
1066,Rebeca,Gunn,Rebeca.Gunn@yopmail.com,developer
1067,Jaime,Swanhildas,Jaime.Swanhildas@yopmail.com,firefighter
1068,Edee,Warthman,Edee.Warthman@yopmail.com,worker
1069,Emmey,Saree,Emmey.Saree@yopmail.com,developer
1070,Cassondra,Ephrem,Cassondra.Ephrem@yopmail.com,worker
1071,Gusella,Jerald,Gusella.Jerald@yopmail.com,developer
1072,Di,Sekofski,Di.Sekofski@yopmail.com,developer
1073,Dawn,Georas,Dawn.Georas@yopmail.com,police officer
1074,Dawn,Egbert,Dawn.Egbert@yopmail.com,firefighter
1075,Debee,Carbo,Debee.Carbo@yopmail.com,police officer
1076,Madeleine,Rosemary,Madeleine.Rosemary@yopmail.com,doctor
1077,Sabina,Adamsen,Sabina.Adamsen@yopmail.com,doctor
1078,Kenna,Mehalek,Kenna.Mehalek@yopmail.com,worker
1079,Fawne,Taam,Fawne.Taam@yopmail.com,doctor
1080,Lucille,Kare,Lucille.Kare@yopmail.com,worker
1081,Arabel,Curren,Arabel.Curren@yopmail.com,police officer
1082,Rivalee,Daveta,Rivalee.Daveta@yopmail.com,developer
1083,Jordan,Decato,Jordan.Decato@yopmail.com,police officer
1084,Leeanne,Joachim,Leeanne.Joachim@yopmail.com,firefighter
1085,Coral,Alice,Coral.Alice@yopmail.com,doctor
1086,Nelle,Brunell,Nelle.Brunell@yopmail.com,doctor
1087,Lelah,LaRue,Lelah.LaRue@yopmail.com,doctor
1088,Janey,Azeria,Janey.Azeria@yopmail.com,worker
1089,Kate,Cornelia,Kate.Cornelia@yopmail.com,firefighter
1090,Karena,Giule,Karena.Giule@yopmail.com,police officer
1091,Binny,Trinetta,Binny.Trinetta@yopmail.com,worker
1092,Bee,Philoo,Bee.Philoo@yopmail.com,firefighter
1093,Phedra,Longfellow,Phedra.Longfellow@yopmail.com,doctor
1094,Amara,Pelagias,Amara.Pelagias@yopmail.com,police officer
1095,Roxane,Garrison,Roxane.Garrison@yopmail.com,firefighter
1096,Giustina,Bevin,Giustina.Bevin@yopmail.com,police officer
1097,Peri,Nester,Peri.Nester@yopmail.com,firefighter
1098,Rori,Saunderson,Rori.Saunderson@yopmail.com,police officer
1099,Caryl,Linskey,Caryl.Linskey@yopmail.com,firefighter